date,close
2026-08-10,34.83
2026-08-11,33.97
2026-08-12,33.89
2026-08-13,33.78
2026-08-14,33.42
2026-08-17,33.65
2026-08-18,33.49
2026-08-19,33.14
2026-08-20,32.99
2026-08-21,33.68
2026-08-24,33.8
2026-08-25,33.84
2026-08-26,34.11
2026-08-27,34.52
2026-08-28,34.78
2026-08-31,34.08
2026-09-01,34.43
2026-09-02,33.93
2026-09-03,34.32
2026-09-04,37.47
2026-09-07,38.38
2026-09-08,39.08
2026-09-09,39.53
2026-09-10,40.82
2026-09-11,39.75
2026-09-14,38.98
2026-09-15,38.16
2026-09-16,37.79
2026-09-17,38.96
2026-09-18,39.47
2026-09-21,41.02
2026-09-22,40.12
